gameweek,player_id,web_name,position,xPoints,now_cost,blend_rank,minutes,actual_points
2,1,Raya,GKP,4.0,,,90,6
2,4,Gabriel,DEF,4.0,,,90,8
2,411,Haaland,FWD,4.0,,,90,13
2,426,B.Fernandes,MID,4.0,,,90,23
2,226,Pickford,GKP,3.3,,,90,3
2,350,A.Becker,GKP,3.3,,,90,0
2,384,Donnarumma,GKP,3.3,,,90,0
2,12,Saka,MID,3.2,,,90,11
2,154,Palmer,MID,3.2,,,90,7
2,356,Virgil,DEF,3.1,,,90,1
2,387,O'Reilly,DEF,3.1,,,88,2
2,397,Semenyo,MID,2.9,,,90,5
2,200,Lacroix,DEF,2.8,,,90,1
2,229,Tarkowski,DEF,2.8,,,90,12
2,388,Guéhi,DEF,2.8,,,90,2
2,427,Mbeumo,MID,2.8,,,90,11
2,428,Cunha,MID,2.8,,,79,9
2,498,Senesi,DEF,2.8,,,0,0
2,379,Isak,FWD,2.7,,,90,8
2,2,Arrizabalaga,GKP,2.6,,,0,0
2,3,Meslier,GKP,2.6,,,0,0
2,8,Calafiori,DEF,2.6,,,90,11
2,13,Rice,MID,2.6,,,84,5
2,28,Martinez,GKP,2.6,,,90,2
2,597,Suzuki,GKP,2.6,,,90,2
2,82,Kelleher,GKP,2.6,,,90,2
2,40,Rogers,MID,2.6,,,90,5
2,140,Sánchez,GKP,2.6,,,0,0
2,198,Henderson,GKP,2.6,,,90,1
2,227,Travers,GKP,2.6,,,0,0
2,385,Trafford,GKP,2.6,,,90,3
2,351,Mamardashvili,GKP,2.6,,,0,0
2,366,Wirtz,MID,2.6,,,90,4
2,399,Cherki,MID,2.6,,,81,14
2,587,Rulli,GKP,2.6,,,0,0
2,412,Lammens,GKP,2.6,,,90,2
2,442,Pope,GKP,2.6,,,0,0
2,567,Horníček,GKP,2.6,,,90,7
2,467,Sels,GKP,2.6,,,90,1
2,529,Roefs,GKP,2.6,,,90,6
2,10,White,DEF,2.5,,,90,7
2,11,Mosquera,DEF,2.5,,,78,6
2,60,Hill,DEF,2.5,,,90,4
2,61,Truffert,DEF,2.5,,,90,4
2,84,Collins,DEF,2.5,,,90,3
2,106,Thiago,FWD,2.5,,,90,2
2,142,James,DEF,2.5,,,22,1
2,155,Enzo,MID,2.5,,,0,0
2,201,Muñoz,DEF,2.5,,,0,0
2,230,Branthwaite,DEF,2.5,,,90,4
2,357,Frimpong,DEF,2.5,,,70,1
2,358,Kerkez,DEF,2.5,,,70,1
2,367,Gakpo,MID,2.5,,,70,5
2,368,Szoboszlai,MID,2.5,,,90,4
2,579,Araujo,DEF,2.5,,,13,0
2,390,Rúben,DEF,2.5,,,90,2
2,391,Gvardiol,DEF,2.5,,,74,5
2,392,Aït-Nouri,DEF,2.5,,,0,0
2,393,Khusanov,DEF,2.5,,,88,2
2,398,Foden,MID,2.5,,,90,9
2,429,Rashford,MID,2.5,,,79,2
2,471,Milenković,DEF,2.5,,,90,3
2,472,Murillo,DEF,2.5,,,90,1
2,581,Diomande,DEF,2.5,,,0,0
2,499,Pedro Porro,DEF,2.5,,,90,1
2,533,Mukiele,DEF,2.5,,,90,9
2,9,Hincapie,DEF,2.4,,,0,0
2,26,Havertz,FWD,2.4,,,90,2
2,55,Watkins,FWD,2.4,,,0,0
2,165,João Pedro,FWD,2.4,,,90,9
2,14,Eze,MID,2.3,,,45,1
2,15,Ødegaard,MID,2.3,,,70,3
2,16,Madueke,MID,2.3,,,0,0
2,18,Martinelli,MID,2.3,,,0,0
2,25,Gyökeres,FWD,2.3,,,0,0
2,557,Tzolis,MID,2.3,,,45,0
2,67,Rayan,MID,2.3,,,90,2
2,95,O.Dango,MID,2.3,,,29,1
2,156,Neto,MID,2.3,,,67,7
2,157,Estêvão,MID,2.3,,,0,0
2,236,Dewsbury-Hall,MID,2.3,,,90,2
2,260,Wilson,MID,2.3,,,45,1
2,377,Munoz,MID,2.3,,,90,6
2,238,Grealish,MID,2.3,,,0,0
2,481,Anderson,MID,2.3,,,81,3
2,403,Sávio,MID,2.3,,,0,0
2,17,Merino,MID,2.2,,,19,1
2,41,Buendía,MID,2.2,,,90,2
2,160,Garnacho,MID,2.2,,,12,1
2,62,Diakité,DEF,2.2,,,0,0
2,68,Tavernier,MID,2.2,,,90,1
2,69,Scott,MID,2.2,,,86,12
2,70,Kluivert,MID,2.2,,,80,3
2,566,Silva,DEF,2.2,,,90,4
2,94,Schade,MID,2.2,,,87,10
2,105,Anthony,MID,2.2,,,60,2
2,120,Svoboda,DEF,2.2,,,0,0
2,130,Wieffer,DEF,2.2,,,79,0
2,328,Struijk,DEF,2.2,,,0,0
2,504,Vuskovic,DEF,2.2,,,90,0
2,144,Gusto,DEF,2.2,,,90,1
2,145,Fofana,DEF,2.2,,,67,0
2,149,Colwill,DEF,2.2,,,71,1
2,158,Gittens,MID,2.2,,,0,0
2,583,Chavarria,DEF,2.2,,,18,1
2,202,Richards,DEF,2.2,,,90,0
2,203,Canvot,DEF,2.2,,,90,0
2,588,Khalaili,DEF,2.2,,,74,2
2,209,Johnson,MID,2.2,,,28,1
2,231,Keane,DEF,2.2,,,0,0
2,232,O'Brien,DEF,2.2,,,0,0
2,237,Ndiaye,MID,2.2,,,90,4
2,239,Garner,MID,2.2,,,61,1
2,253,Andersen,DEF,2.2,,,90,1
2,327,Bijol,DEF,2.2,,,45,1
2,334,Muharemović,DEF,2.2,,,90,4
2,335,Stach,MID,2.2,,,90,4
2,336,Okafor,MID,2.2,,,68,2
2,362,Jacquet,DEF,2.2,,,76,3
2,364,Tsimikas,DEF,2.2,,,19,1
2,369,Ngumoha,MID,2.2,,,19,1
2,371,Gravenberch,MID,2.2,,,19,1
2,401,Marmoush,FWD,2.2,,,90,2
2,43,Tielemans,MID,2.2,,,90,4
2,415,Dorgu,MID,2.2,,,10,1
2,417,Dalot,DEF,2.2,,,73,2
2,418,Maguire,DEF,2.2,,,90,4
2,419,Martinez,DEF,2.2,,,90,1
2,420,Yoro,DEF,2.2,,,16,1
2,439,Šeško,FWD,2.2,,,10,1
2,445,Thiaw,DEF,2.2,,,90,6
2,446,Schär,DEF,2.2,,,0,0
2,447,Botman,DEF,2.2,,,90,5
2,449,Hall,DEF,2.2,,,90,11
2,453,Barnes,MID,2.2,,,90,3
2,454,Elanga,MID,2.2,,,81,8
2,457,J.Murphy,MID,2.2,,,8,1
2,461,Touré,MID,2.2,,,1,1
2,469,N.Williams,DEF,2.2,,,90,6
2,470,Morato,DEF,2.2,,,0,0
2,482,Hudson-Odoi,MID,2.2,,,1,1
2,112,Van Hecke,DEF,2.2,,,90,1
2,501,Danso,DEF,2.2,,,0,0
2,503,Van de Ven,DEF,2.2,,,90,0
2,514,Tel,MID,2.2,,,67,2
2,525,Fernandes,MID,2.2,,,90,2
2,532,Ballard,DEF,2.2,,,90,8
2,535,Alderete,DEF,2.2,,,0,0
2,542,E.Le Fée,MID,2.2,,,89,3
2,166,N.Jackson,FWD,2.1,,,70,2
2,223,Mateta,FWD,2.1,,,0,0
2,389,Matheus N.,DEF,2.1,,,0,0
2,480,Gibbs-White,MID,2.1,,,90,13
2,7,Lewis-Skelly,MID,2.0,,,70,3
2,19,Zubimendi,MID,2.0,,,5,1
2,22,Nwaneri,MID,2.0,,,0,0
2,23,Fábio Vieira,MID,2.0,,,0,0
2,24,Nelson,MID,2.0,,,0,0
2,27,G.Jesus,FWD,2.0,,,0,0
2,44,Bailey,MID,2.0,,,0,0
2,45,McGinn,MID,2.0,,,90,1
2,79,Evanilson,FWD,2.0,,,80,5
2,81,Rodríguez,FWD,2.0,,,9,1
2,86,Lewis-Potter,MID,2.0,,,87,6
2,96,Damsgaard,MID,2.0,,,68,3
2,97,Jensen,MID,2.0,,,0,0
2,565,M.Sangaré,MID,2.0,,,90,4
2,124,Groß,MID,2.0,,,90,13
2,126,O'Riley,MID,2.0,,,0,0
2,129,Ayari,MID,2.0,,,0,0
2,594,David,FWD,2.0,,,10,1
2,136,Welbeck,FWD,2.0,,,0,0
2,164,Quenda,MID,2.0,,,0,0
2,568,Barco,MID,2.0,,,8,1
2,578,Mudryk,MID,2.0,,,0,0
2,186,Mason-Clark,MID,2.0,,,57,1
2,188,Torp,MID,2.0,,,19,1
2,190,Tchaouna,MID,2.0,,,58,1
2,584,Hamer,MID,2.0,,,19,1
2,42,Guessand,MID,2.0,,,27,1
2,210,Wharton,MID,2.0,,,90,2
2,211,Yeremy,MID,2.0,,,67,5
2,222,Strand Larsen,FWD,2.0,,,62,2
2,241,McNeil,MID,2.0,,,22,1
2,242,George,MID,2.0,,,61,2
2,245,Dibling,MID,2.0,,,0,0
2,261,Iwobi,MID,2.0,,,90,2
2,262,Smith Rowe,MID,2.0,,,14,1
2,263,Kevin,MID,2.0,,,7,1
2,264,Bobb,MID,2.0,,,67,3
2,268,King,MID,2.0,,,90,2
2,569,Gonzalo,FWD,2.0,,,90,2
2,570,Palacios,MID,2.0,,,75,1
2,313,Clarke,MID,2.0,,,0,0
2,315,Fatawu,MID,2.0,,,82,4
2,562,Maeda,MID,2.0,,,72,2
2,591,Enciso,MID,2.0,,,90,5
2,337,Aaronson,MID,2.0,,,45,1
2,338,Ampadu,MID,2.0,,,90,2
2,346,Calvert-Lewin,FWD,2.0,,,90,8
2,372,Mac Allister,MID,2.0,,,76,2
2,383,Elliott,MID,2.0,,,0,0
2,405,N.Gonzalez,MID,2.0,,,70,2
2,406,Kovačić,MID,2.0,,,15,1
2,616,Bouaddi,MID,2.0,,,8,1
2,432,Mainoo,MID,2.0,,,79,4
2,459,L.Miley,MID,2.0,,,90,3
2,463,Woltemade,FWD,2.0,,,19,4
2,464,Wissa,FWD,2.0,,,81,8
2,483,Ndoye,MID,2.0,,,65,9
2,484,Hutchinson,MID,2.0,,,0,0
2,486,McAtee,MID,2.0,,,90,2
2,490,Wood,FWD,2.0,,,0,0
2,491,Igor Jesus,FWD,2.0,,,90,1
2,455,Tonali,MID,2.0,,,74,2
2,516,Bentancur,MID,2.0,,,90,2
2,519,Gallagher,MID,2.0,,,0,0
2,520,Bergvall,MID,2.0,,,0,0
2,526,Solanke,FWD,2.0,,,15,1
2,527,Richarlison,FWD,2.0,,,0,0
2,543,Diarra,MID,2.0,,,18,4
2,544,Xhaka,MID,2.0,,,90,6
2,549,Talbi,MID,2.0,,,0,0
2,552,Brobbey,FWD,2.0,,,63,2
2,20,Dowman,MID,1.9,,,0,0
2,29,M.Bizot,GKP,1.9,,,0,0
2,57,Petrović,GKP,1.9,,,90,3
2,615,Di Gregorio,GKP,1.9,,,0,0
2,83,Valdimarsson,GKP,1.9,,,0,0
2,88,Kayode,DEF,1.9,,,87,2
2,109,Verbruggen,GKP,1.9,,,90,0
2,115,De Cuyper,DEF,1.9,,,90,0
2,152,Palestra,DEF,1.9,,,0,0
2,560,Penders,GKP,1.9,,,0,0
2,110,Rushworth,GKP,1.9,,,90,2
2,172,Wilson,GKP,1.9,,,0,0
2,199,Benitez,GKP,1.9,,,0,0
2,228,King,GKP,1.9,,,0,0
2,250,Leno,GKP,1.9,,,90,3
2,572,Tzolakis,GKP,1.9,,,90,10
2,300,Walton,GKP,1.9,,,0,0
2,564,Scherpen,GKP,1.9,,,90,2
2,326,Perri,GKP,1.9,,,0,0
2,386,Bettinelli,GKP,1.9,,,0,0
2,325,Darlow,GKP,1.9,,,0,0
2,443,Gillespie,GKP,1.9,,,0,0
2,444,Jaouen,GKP,1.9,,,0,0
2,468,John,GKP,1.9,,,0,0
2,590,Benda,GKP,1.9,,,0,0
2,496,Kinsky,GKP,1.9,,,90,1
2,531,Ellborg,GKP,1.9,,,0,0
2,452,Bruno G.,MID,1.8,,,19,1
2,108,Wilson,FWD,1.8,,,2,1
2,138,Kostoulas,FWD,1.8,,,79,5
2,167,Delap,FWD,1.8,,,24,1
2,492,Awoniyi,FWD,1.8,,,90,2
2,224,Nketiah,FWD,1.8,,,67,2
2,248,Beto,FWD,1.8,,,20,1
2,249,Barry,FWD,1.8,,,69,2
2,271,Muniz,FWD,1.8,,,0,0
2,295,McBurnie,FWD,1.8,,,90,1
2,316,Emersonn,FWD,1.8,,,45,1
2,347,Nmecha,FWD,1.8,,,21,4
2,440,Zirkzee,FWD,1.8,,,0,0
2,493,Kalimuendo,FWD,1.8,,,0,0
2,553,Isidor,FWD,1.8,,,26,8
2,31,Konsa,DEF,1.7,,,11,1
2,32,Cash,DEF,1.7,,,77,2
2,33,Mings,DEF,1.7,,,0,0
2,34,Pau,DEF,1.7,,,90,2
2,36,Maatsen,DEF,1.7,,,90,1
2,37,Lindelöf,DEF,1.7,,,90,2
2,596,Ruggeri,DEF,1.7,,,0,0
2,611,Wan-Bissaka,DEF,1.7,,,12,1
2,64,Smith,DEF,1.7,,,90,1
2,573,Sanchez,DEF,1.7,,,0,0
2,87,Ajer,DEF,1.7,,,90,3
2,89,Henry,DEF,1.7,,,2,1
2,90,Hickey,DEF,1.7,,,2,1
2,91,Pinnock,DEF,1.7,,,12,1
2,92,Ji-soo,DEF,1.7,,,0,0
2,93,Schuster,DEF,1.7,,,0,0
2,113,F.Kadıoğlu,DEF,1.7,,,90,0
2,114,Boscagli,DEF,1.7,,,90,-1
2,116,Dunk,DEF,1.7,,,90,-1
2,117,Coppola,DEF,1.7,,,0,0
2,118,Igor,DEF,1.7,,,0,0
2,119,Costinha,DEF,1.7,,,10,0
2,614,Hadjam,DEF,1.7,,,0,0
2,147,Tosin,DEF,1.7,,,0,0
2,148,Hato,DEF,1.7,,,90,4
2,150,M.Sarr,DEF,1.7,,,0,0
2,151,Acheampong,DEF,1.7,,,22,1
2,153,Disasi,DEF,1.7,,,16,1
2,561,Anselmino,DEF,1.7,,,0,0
2,204,Mitchell,DEF,1.7,,,90,0
2,205,Sosa,DEF,1.7,,,0,0
2,207,Mingueza,DEF,1.7,,,15,1
2,577,Tomiyasu,DEF,1.7,,,73,1
2,233,Mykolenko,DEF,1.7,,,90,4
2,234,Patterson,DEF,1.7,,,0,0
2,254,Robinson,DEF,1.7,,,90,2
2,255,J.Cuenca,DEF,1.7,,,0,0
2,256,Tete,DEF,1.7,,,0,0
2,257,Bassey,DEF,1.7,,,90,2
2,258,Castagne,DEF,1.7,,,67,6
2,269,Sessegnon,DEF,1.7,,,22,1
2,329,Rodon,DEF,1.7,,,33,1
2,330,Bogle,DEF,1.7,,,67,2
2,332,Justin,DEF,1.7,,,90,2
2,598,Elvedi,DEF,1.7,,,56,1
2,395,Lewis,DEF,1.7,,,0,0
2,396,Vitor Reis,DEF,1.7,,,1,1
2,421,Heaven,DEF,1.7,,,0,0
2,422,Mazraoui,DEF,1.7,,,17,1
2,423,Shaw,DEF,1.7,,,72,2
2,593,Dedić,DEF,1.7,,,90,11
2,473,Aina,DEF,1.7,,,85,0
2,474,Jair Cunha,DEF,1.7,,,90,1
2,478,Netz,DEF,1.7,,,4,1
2,502,Robertson,DEF,1.7,,,67,2
2,506,Udogie,DEF,1.7,,,22,1
2,515,Maddison,MID,1.7,,,0,0
2,534,Hume,DEF,1.7,,,90,6
2,536,Reinildo,DEF,1.7,,,90,6
2,537,Seelt,DEF,1.7,,,0,0
2,541,Meunier,DEF,1.7,,,90,6
2,612,Methalie,DEF,1.7,,,0,0
2,123,Hinshelwood,MID,1.6,,,0,0
2,431,Amad,MID,1.6,,,0,0
2,35,Bogarde,MID,1.5,,,0,0
2,46,Barkley,MID,1.5,,,77,2
2,47,Kamara,MID,1.5,,,90,2
2,52,Alysson,MID,1.5,,,19,0
2,71,Cook,MID,1.5,,,68,3
2,72,Gannon-Doak,MID,1.5,,,0,0
2,73,Adams,MID,1.5,,,21,1
2,74,Brooks,MID,1.5,,,9,1
2,75,Christie,MID,1.5,,,3,1
2,76,Tóth.A,MID,1.5,,,0,0
2,98,Janelt,MID,1.5,,,90,1
2,100,Carvalho,MID,1.5,,,0,0
2,102,Yarmoliuk,MID,1.5,,,21,1
2,103,Dasilva,MID,1.5,,,0,0
2,127,Gomez,MID,1.5,,,90,5
2,135,Yohanna,MID,1.5,,,0,0
2,600,Osman,MID,1.5,,,16,1
2,159,Caicedo,MID,1.5,,,13,1
2,161,Lavia,MID,1.5,,,67,7
2,104,Onyeka,MID,1.5,,,0,0
2,183,Rudoni,MID,1.5,,,70,3
2,184,Grimes,MID,1.5,,,90,2
2,185,Sakamoto,MID,1.5,,,31,1
2,187,Eccles,MID,1.5,,,0,0
2,575,Yirenkyi,MID,1.5,,,70,3
2,213,Lerma,MID,1.5,,,0,0
2,214,Kamada,MID,1.5,,,90,2
2,215,Devenny,MID,1.5,,,0,0
2,216,Esse,MID,1.5,,,0,0
2,217,M.França,MID,1.5,,,0,0
2,218,Doucouré,MID,1.5,,,0,0
2,219,J.Rak-Sakyi,MID,1.5,,,0,0
2,595,Gozo,MID,1.5,,,22,1
2,243,Alcaraz,MID,1.5,,,4,0
2,244,Armstrong,MID,1.5,,,86,2
2,246,Röhl,MID,1.5,,,85,2
2,247,Hackney,MID,1.5,,,28,1
2,265,Berge,MID,1.5,,,82,2
2,580,Charles,MID,1.5,,,22,1
2,286,Belloumi,MID,1.5,,,82,6
2,287,Millar,MID,1.5,,,31,6
2,292,Ömür,MID,1.5,,,0,0
2,296,Akintola,MID,1.5,,,0,0
2,563,Morita,MID,1.5,,,45,1
2,574,Hjertø-Dahl,MID,1.5,,,0,0
2,576,Stroud,MID,1.5,,,58,0
2,589,Gourna-Douath,MID,1.5,,,45,1
2,267,Lukić,MID,1.5,,,72,1
2,309,Núñez,MID,1.5,,,61,2
2,314,Ogbene,MID,1.5,,,0,0
2,324,Mehmeti,MID,1.5,,,0,0
2,339,Longstaff,MID,1.5,,,0,0
2,343,James,MID,1.5,,,22,1
2,345,Tanaka,MID,1.5,,,45,1
2,373,C.Jones,MID,1.5,,,0,0
2,374,Endo,MID,1.5,,,0,0
2,375,Nyoni,MID,1.5,,,13,1
2,381,Koumas,MID,1.5,,,0,0
2,407,Echeverri,MID,1.5,,,0,0
2,410,Monga,MID,1.5,,,0,0
2,162,Andrey Santos,MID,1.5,,,10,1
2,430,Mount,MID,1.5,,,0,0
2,434,J.Fletcher,MID,1.5,,,0,0
2,435,Lacey,MID,1.5,,,0,0
2,436,Collyer,MID,1.5,,,0,0
2,456,J.Ramsey,MID,1.5,,,8,1
2,460,Willock,MID,1.5,,,70,3
2,462,Steur,MID,1.5,,,19,1
2,559,Bamba,MID,1.5,,,0,0
2,487,Dominguez,MID,1.5,,,1,1
2,488,I.Sangaré,MID,1.5,,,0,0
2,558,Schlager,MID,1.5,,,90,4
2,522,Gray,MID,1.5,,,67,2
2,523,Moore,MID,1.5,,,22,1
2,545,Sadiki,MID,1.5,,,90,3
2,547,Mundle,MID,1.5,,,1,1
2,548,Rigg,MID,1.5,,,7,1
2,550,Jocelin.T,MID,1.5,,,0,0
2,551,Angulo,MID,1.5,,,64,3
2,608,Jebbison,FWD,1.4,,,0,0
2,168,Marc Guiu,FWD,1.4,,,0,0
2,170,Emegha,FWD,1.4,,,0,0
2,194,Thomas-Asante,FWD,1.4,,,32,1
2,195,Simms,FWD,1.4,,,0,0
2,599,Cherif,FWD,1.4,,,0,0
2,320,Akpom,FWD,1.4,,,45,5
2,56,Abraham,FWD,1.3,,,19,1
2,125,Georginio,FWD,1.3,,,0,0
2,101,Henderson,MID,1.1,,,0,0
2,571,Florentino,MID,1.1,,,0,0
2,512,Kudus,MID,1.1,,,22,1
2,38,A.García,DEF,1.0,,,0,0
2,50,Burrowes,MID,1.0,,,0,0
2,51,George Hemmings,MID,1.0,,,70,2
2,606,Rowe,DEF,1.0,,,0,0
2,607,Lynch,MID,1.0,,,0,0
2,58,Forster,GKP,1.0,,,0,0
2,107,Furo,FWD,1.0,,,0,0
2,111,Steele,GKP,1.0,,,0,0
2,134,Oriola,MID,1.0,,,0,0
2,605,Yalcouyé,MID,1.0,,,73,8
2,163,D.Essugo,MID,1.0,,,0,0
2,169,Mheuka,FWD,1.0,,,0,0
2,171,Dovin,GKP,1.0,,,0,0
2,173,Thomas,DEF,1.0,,,77,8
2,174,Kitching,DEF,1.0,,,0,0
2,175,van Ewijk,DEF,1.0,,,90,2
2,176,Dasilva,DEF,1.0,,,90,2
2,178,Bidwell,DEF,1.0,,,0,0
2,179,Latibeaudiere,DEF,1.0,,,0,0
2,181,Brau,DEF,1.0,,,0,0
2,182,Amenda,DEF,1.0,,,90,1
2,189,Shepherd,MID,1.0,,,0,0
2,191,Borges Rodrigues,MID,1.0,,,0,0
2,192,Andrews,MID,1.0,,,0,0
2,212,Hughes,MID,1.0,,,0,0
2,221,Drakes-Thomas,MID,1.0,,,0,0
2,555,Matthews,GKP,1.0,,,0,0
2,235,Aznou,DEF,1.0,,,0,0
2,251,Lecomte,GKP,1.0,,,0,0
2,252,McNally,GKP,1.0,,,0,0
2,270,Reed,MID,1.0,,,0,0
2,272,Kusi-Asare,FWD,1.0,,,0,0
2,610,De Fougerolles,DEF,1.0,,,0,0
2,273,Phillips,GKP,1.0,,,0,0
2,277,Egan,DEF,1.0,,,90,9
2,279,Ajayi,DEF,1.0,,,90,6
2,280,Coyle,DEF,1.0,,,45,0
2,281,Drameh,DEF,1.0,,,45,1
2,282,Giles,DEF,1.0,,,90,6
2,284,McCarthy,DEF,1.0,,,0,0
2,285,McNair,DEF,1.0,,,0,0
2,288,Dowell,MID,1.0,,,0,0
2,289,Crooks,MID,1.0,,,0,0
2,290,Slater,MID,1.0,,,90,2
2,556,Targett,DEF,1.0,,,0,0
2,585,Herrington,DEF,1.0,,,31,1
2,586,Mendy,DEF,1.0,,,58,1
2,259,Diop,DEF,1.0,,,90,2
2,301,Palmer,GKP,1.0,,,0,0
2,302,Button,GKP,1.0,,,0,0
2,303,Kipré,DEF,1.0,,,0,0
2,304,O'Shea,DEF,1.0,,,90,0
2,305,Davis,DEF,1.0,,,90,6
2,306,Greaves,DEF,1.0,,,90,-1
2,307,Johnson,DEF,1.0,,,0,0
2,308,Furlong,DEF,1.0,,,17,1
2,321,Walle Egeli,FWD,1.0,,,0,0
2,323,McAteer,MID,1.0,,,7,1
2,592,Ouattara,DEF,1.0,,,17,1
2,602,Humphreys,MID,1.0,,,0,0
2,603,Lienou,DEF,1.0,,,0,0
2,604,Cresswell,MID,1.0,,,0,0
2,352,Woodman,GKP,1.0,,,0,0
2,355,Davies,GKP,1.0,,,0,0
2,361,Lucky,DEF,1.0,,,0,0
2,378,McConnell,MID,1.0,,,0,0
2,409,Mukasa,MID,1.0,,,0,0
2,424,Amass,DEF,1.0,,,0,0
2,437,Bendito Mantato,MID,1.0,,,0,0
2,438,Fletcher,MID,1.0,,,0,0
2,441,Obi,FWD,1.0,,,0,0
2,466,Neave,FWD,1.0,,,0,0
2,609,Shahar,DEF,1.0,,,0,0
2,476,O.Richards,DEF,1.0,,,0,0
2,477,Abbott,DEF,1.0,,,0,0
2,479,Bindon,DEF,1.0,,,0,0
2,495,Austin,GKP,1.0,,,0,0
2,497,Dubravka,GKP,1.0,,,0,0
2,508,Davies,DEF,1.0,,,0,0
2,509,Byfield,DEF,1.0,,,0,0
2,510,Rowswell,DEF,1.0,,,0,0
2,511,Souza,DEF,1.0,,,0,0
2,524,Olusesi,MID,1.0,,,0,0
2,528,Scarlett,FWD,1.0,,,0,0
2,601,Williams-Barnett,MID,1.0,,,0,0
2,539,O'Nien,DEF,1.0,,,0,0
2,613,Ahoka,MID,1.0,,,0,0
2,66,Soler,DEF,0.8,,,0,0
2,5,J.Timber,DEF,0.0,,,0,0
2,6,Saliba,DEF,0.0,,,0,0
2,30,Digne,DEF,0.0,,,0,0
2,39,Nedeljkovic,DEF,0.0,,,0,0
2,48,Onana,MID,0.0,,,0,0
2,49,Iling Jr,MID,0.0,,,0,0
2,53,Manzambi,MID,0.0,,,0,0
2,54,Gomes,MID,0.0,,,0,0
2,582,Madjo,FWD,0.0,,,0,0
2,59,Dennis,GKP,0.0,,,0,0
2,63,Milosavljević,DEF,0.0,,,0,0
2,65,J.Araujo,DEF,0.0,,,0,0
2,77,Adli,MID,0.0,,,0,0
2,78,Kroupi.Jr,MID,0.0,,,0,0
2,80,Enes Ünal,FWD,0.0,,,0,0
2,85,Van den Berg,DEF,0.0,,,0,0
2,99,Milambo,MID,0.0,,,0,0
2,121,Mitoma,MID,0.0,,,0,0
2,122,Minteh,MID,0.0,,,0,0
2,128,Buonanotte,MID,0.0,,,0,0
2,132,Howell,MID,0.0,,,0,0
2,133,Watson,MID,0.0,,,0,0
2,137,Tzimas,FWD,0.0,,,0,0
2,139,Ferguson,FWD,0.0,,,0,0
2,141,Jörgensen,GKP,0.0,,,0,0
2,143,Chalobah,DEF,0.0,,,0,0
2,146,B.Badiashile,DEF,0.0,,,0,0
2,177,Kesler-Hayden,DEF,0.0,,,0,0
2,180,Woolfenden,DEF,0.0,,,0,0
2,193,Wright,FWD,0.0,,,0,0
2,196,Markelo,FWD,0.0,,,0,0
2,197,Bassette,FWD,0.0,,,0,0
2,206,Chadi Riad,DEF,0.0,,,0,0
2,208,Sarr,MID,0.0,,,0,0
2,220,Cardines,DEF,0.0,,,0,0
2,225,Uche,FWD,0.0,,,0,0
2,21,Nørgaard,MID,0.0,,,0,0
2,240,Iroegbunam,MID,0.0,,,4,1
2,266,Cairney,MID,0.0,,,0,0
2,274,Butland,GKP,0.0,,,0,0
2,275,Cartwright,GKP,0.0,,,0,0
2,276,Lo-Tutala,GKP,0.0,,,0,0
2,278,Hughes,DEF,0.0,,,0,0
2,283,Jacob,DEF,0.0,,,0,0
2,291,Matazo,MID,0.0,,,0,0
2,293,Kamara,MID,0.0,,,0,0
2,294,Zambrano,MID,0.0,,,0,0
2,297,Gyabi,MID,0.0,,,0,0
2,298,Destan,FWD,0.0,,,0,0
2,299,Burstow,FWD,0.0,,,0,0
2,340,Gelhardt,MID,0.0,,,0,0
2,310,Matusiwa,MID,0.0,,,0,0
2,311,Burns,MID,0.0,,,0,0
2,312,Taylor,MID,0.0,,,0,0
2,317,Hirst,FWD,0.0,,,0,0
2,318,Philogene,MID,0.0,,,0,0
2,319,Szmodics,MID,0.0,,,0,0
2,322,Al-Hamadi,FWD,0.0,,,0,0
2,554,Van Oevelen,GKP,0.0,,,0,0
2,331,Gudmundsson,DEF,0.0,,,0,0
2,333,Bornauw,DEF,0.0,,,0,0
2,341,Gnonto,MID,0.0,,,0,0
2,342,Harrison,MID,0.0,,,0,0
2,344,Gruev,MID,0.0,,,0,0
2,348,Piroe,FWD,0.0,,,0,0
2,349,Mateo Joseph,FWD,0.0,,,0,0
2,353,Pecsi,GKP,0.0,,,0,0
2,354,Jaros,GKP,0.0,,,0,0
2,359,Gomez,DEF,0.0,,,0,0
2,360,Bradley,DEF,0.0,,,0,0
2,363,Leoni,DEF,0.0,,,0,0
2,365,Ramsay,DEF,0.0,,,0,0
2,370,Chiesa,MID,0.0,,,0,0
2,376,Bajcetic,MID,0.0,,,0,0
2,380,Ekitiké,FWD,0.0,,,0,0
2,382,Danns,FWD,0.0,,,0,0
2,394,Alleyne,DEF,0.0,,,0,0
2,400,Doku,MID,0.0,,,0,0
2,402,Rodrigo,MID,0.0,,,0,0
2,404,Reijnders,MID,0.0,,,0,0
2,408,Phillips,MID,0.0,,,0,0
2,131,Baleba,MID,0.0,,,0,0
2,413,Bayindir,GKP,0.0,,,0,0
2,414,Heaton,GKP,0.0,,,0,0
2,416,De Ligt,DEF,0.0,,,0,0
2,425,Fredricson,DEF,0.0,,,0,0
2,433,Ugarte,MID,0.0,,,0,0
2,448,Burn,DEF,0.0,,,0,0
2,450,Livramento,DEF,0.0,,,0,0
2,451,A.Murphy,DEF,0.0,,,0,0
2,458,Joelinton,MID,0.0,,,0,0
2,465,Osula,FWD,0.0,,,0,0
2,475,Savona,DEF,0.0,,,0,0
2,485,Bakwa,MID,0.0,,,0,0
2,489,Yates,MID,0.0,,,0,0
2,494,Vicario,GKP,0.0,,,0,0
2,500,Romero,DEF,0.0,,,0,0
2,505,Spence,DEF,0.0,,,0,0
2,507,Phillips,DEF,0.0,,,0,0
2,513,Xavi,MID,0.0,,,0,0
2,517,Odobert,MID,0.0,,,0,0
2,518,P.M.Sarr,MID,0.0,,,0,0
2,521,Kulusevski,MID,0.0,,,0,0
2,530,Patterson,GKP,0.0,,,0,0
2,538,Hjelde,DEF,0.0,,,0,0
2,540,Masuaku,DEF,0.0,,,0,0
2,546,Adingra,MID,0.0,,,0,0
